uuid,title,slide_url,paper_url
6d426f92-6400-4618-bfa2-e8f611e1261d,Residual2Vec: Debiasing graph embedding with random graphs,nips.cc/media/neurips-2021/Slides/25965_OUgWLi8.pdf,openreview.net/pdf?id=Z9K7sds_-jC
264ee55f-340c-4927-a390-4ccf34fe4685,A Closer Look at the Worst-case Behavior of Multi-armed Bandit Algorithms,nips.cc/media/neurips-2021/Slides/28424.pdf,openreview.net/pdf?id=rC3zu-OqnII
956d563a-69be-460a-a51c-d6271a3e44dd,Graph Neural Networks with Local Graph  Parameters,nips.cc/media/neurips-2021/Slides/28409.pdf,openreview.net/pdf?id=yGKklt8wyV
21f37f86-ff0b-4270-b28f-6b4c52ba182a,Training for the Future: A Simple Gradient Interpolation Loss to Generalize Along Time,nips.cc/media/neurips-2021/Slides/27251.pdf,openreview.net/pdf?id=U7SBcmRf65
b9c6b7a4-b267-49c2-891f-6899485a4572,Subgaussian and Differentiable Importance Sampling for Off-Policy Evaluation and Learning,nips.cc/media/neurips-2021/Slides/28384.pdf,openreview.net/pdf?id=_8vCV7AxPZ
1bc657f3-6d46-4601-bbe5-92bcafa5a672,Fast Minimum-norm Adversarial Attacks through Adaptive Norm Constraints,nips.cc/media/neurips-2021/Slides/28131.pdf,openreview.net/pdf?id=jfDaBf8PAE
4648924d-2158-43a0-b0ba-f52100f6ae1b,MAU: A Motion-Aware Unit for Video Prediction and Beyond,nips.cc/media/neurips-2021/Slides/28391.pdf,openreview.net/pdf?id=qwtfY-3ibt7
39d2771c-ffb3-4245-9437-a2131e7fe84b,Improving Calibration through the Relationship with Adversarial Robustness,nips.cc/media/neurips-2021/Slides/27868.pdf,openreview.net/pdf?id=NJex-5TZIQa
2bf329a6-12c7-4061-8189-6abeaae18260,Invariance Principle Meets Information Bottleneck for Out-of-Distribution Generalization,nips.cc/media/neurips-2021/Slides/26541.pdf,openreview.net/pdf?id=jlchsFOLfeF
b85f7aff-4d69-4a0b-bc98-0caf85cbee65,Linear-Time Probabilistic Solution of Boundary Value Problems,nips.cc/media/neurips-2021/Slides/27273.pdf,openreview.net/pdf?id=U9NNzquYEHC
62f2bbd1-ae56-4b5c-bbaf-0dfcff0025d2,Validation Free and Replication Robust Volume-based Data Valuation,nips.cc/media/neurips-2021/Slides/27758.pdf,openreview.net/pdf?id=YLzoHUlf_k
822ff25f-1f61-4b35-b748-750d8dfbebc1,Qimera: Data-free Quantization with Synthetic Boundary Supporting Samples,nips.cc/media/neurips-2021/Slides/27374.pdf,openreview.net/pdf?id=ejo1_Weiart
d8656bab-9a8d-4913-9d8a-f556b1e64cb1,Adversarial Attacks on Black Box Video Classifiers: Leveraging the Power of Geometric Transformations,nips.cc/media/neurips-2021/Slides/27235.pdf,openreview.net/pdf?id=-7EhrbfbK31
21b4f19b-7d0b-40f6-9980-e2302f076113,$\texttt{LeadCache}$: Regret-Optimal Caching in Networks,nips.cc/media/neurips-2021/Slides/28203.pdf,openreview.net/pdf?id=yrmvFIh_e5o
fd08f3c9-f040-4cc9-ac33-a86d1db293b0,Non-local Latent Relation Distillation for Self-Adaptive 3D Human Pose Estimation,nips.cc/media/neurips-2021/Slides/26641.pdf,openreview.net/pdf?id=AIQOddM5Xm
0f10960a-b014-43c6-8a7b-9bdbb689de83,The decomposition of the higher-order homology embedding constructed from the $k$-Laplacian,nips.cc/media/neurips-2021/Slides/28178_zNBo9vr.pdf,openreview.net/pdf?id=026hEw26i3-
20a7c45c-d704-47e2-a55e-ba87185bcb9c,Bayesian Optimization with High-Dimensional Outputs,nips.cc/media/neurips-2021/Slides/27344.pdf,openreview.net/pdf?id=vDo__0UwFNo
acc2fe5c-5924-4a3d-9cdb-c6f08f9a447e,Aligning Silhouette Topology for Self-Adaptive 3D Human Pose Recovery,nips.cc/media/neurips-2021/Slides/26665.pdf,openreview.net/pdf?id=rsNBA9gtDf4
487e501d-214d-4ac3-a972-9a8b0e350ca0,On Provable Benefits of Depth in Training Graph Convolutional Networks,nips.cc/media/neurips-2021/Slides/26677.pdf,openreview.net/pdf?id=r-oRRT-ElX
11b1259a-93e2-4a40-a5e8-8c7e4d2735d1,H-NeRF: Neural Radiance Fields for Rendering and Temporal Reconstruction of Humans in Motion,nips.cc/media/neurips-2021/Slides/26747.pdf,openreview.net/pdf?id=s-NI4H4e3Rf
eee00844-d194-467f-b3b1-8f1c4f2b604e,Computer-Aided Design as Language,nips.cc/media/neurips-2021/Slides/26768.pdf,openreview.net/pdf?id=z-X_PpwaroO
08d68109-4557-416d-84c0-6b4199cbf790,Random Noise Defense Against Query-Based Black-Box Attacks,nips.cc/media/neurips-2021/Slides/27754.pdf,openreview.net/pdf?id=ZPSD4xZc6j8
71496625-61d9-4aba-b5a7-826344e2efbe,Compressive Visual Representations,nips.cc/media/neurips-2021/Slides/26759.pdf,openreview.net/pdf?id=ZYX1ff6H0Bs
d9ea3962-805c-4d91-b306-6dba436c792e,Escape saddle points by a simple gradient-descent based algorithm,nips.cc/media/neurips-2021/Slides/26393.pdf,openreview.net/pdf?id=lEf52hTHq0Q
860928f6-de94-4bf6-8a81-daeb6a2a54b7,Human-Adversarial Visual Question Answering,nips.cc/media/neurips-2021/Slides/26315.pdf,openreview.net/pdf?id=vsCCDVdTAx
88120e9f-1487-40d9-957a-c27d0149defc,Deep Reinforcement Learning at the Edge of the Statistical Precipice,nips.cc/media/neurips-2021/Slides/26712.pdf,openreview.net/pdf?id=uqv8-U4lKBe
62051c7c-7cef-4600-8424-b00d5a5f7446,Gradient-based Hyperparameter Optimization Over Long Horizons,nips.cc/media/neurips-2021/Slides/28059.pdf,openreview.net/pdf?id=6x8tcREIL2W
8f391dc9-3019-4afb-932a-301cff6fcf11,On UMAP's True Loss Function,nips.cc/media/neurips-2021/Slides/28679.pdf,openreview.net/pdf?id=DKRcikndMGC
04eb2dbe-30e3-4ee3-be4f-337622e63cdc,Factored Policy Gradients: Leveraging Structure for Efficient Learning in MOMDPs,nips.cc/media/neurips-2021/Slides/27553.pdf,openreview.net/pdf?id=NXGnwTLlWiR
e57bbf5d-d838-4a5a-a49b-da4625737433,A Universal Law of Robustness via Isoperimetry,nips.cc/media/neurips-2021/Slides/27813.pdf,openreview.net/pdf?id=z71OSKqTFh7
1e4ef666-43b0-4030-ad21-43bc9bd55b11,Skipping the Frame-Level: Event-Based Piano Transcription With Neural Semi-CRFs,nips.cc/media/neurips-2021/Slides/25930.pdf,openreview.net/pdf?id=DGA8XbJ8FVd
03d4bde1-a072-4ffb-b2af-52fa9cd95a6a,Robust and Fully-Dynamic Coreset for Continuous-and-Bounded Learning (With Outliers) Problems,nips.cc/media/neurips-2021/Slides/26631.pdf,openreview.net/pdf?id=we8d1FjibAc
6468a291-6c58-4157-beda-c5af54718caf,Dynamic Bottleneck for Robust Self-Supervised Exploration,nips.cc/media/neurips-2021/Slides/28749.pdf,openreview.net/pdf?id=-t6TeG3A6Do
8716376c-a691-4de5-b758-e2a41865d915,Multi-Armed Bandits with Bounded Arm-Memory: Near-Optimal Guarantees for Best-Arm Identification and Regret Minimization,nips.cc/media/neurips-2021/Slides/28714.pdf,openreview.net/pdf?id=sKWgT8WppC3
0c2cf1f1-5c8b-470d-8a67-e9d48c87e374,Cardinality-Regularized Hawkes-Granger Model,nips.cc/media/neurips-2021/Slides/27855_O3GiVn6.pdf,openreview.net/pdf?id=gkyg2aOE6MU
44e60223-c3d4-43f9-b2c5-bdebac5a624c,DOCTOR: A Simple Method for Detecting Misclassification Errors,nips.cc/media/neurips-2021/Slides/28016.pdf,openreview.net/pdf?id=FHQBDiMwvK
8572ed10-6778-46a0-b2b0-d9c1ce1eb387,A novel notion of barycenter for probability distributions based on optimal weak mass transport,nips.cc/media/neurips-2021/Slides/28652.pdf,openreview.net/pdf?id=PwVruv8s3_Q
e6b17df3-9c34-4b3b-8631-48bb963eec8e,Confident Anchor-Induced Multi-Source Free Domain Adaptation,nips.cc/media/neurips-2021/Slides/28641.pdf,openreview.net/pdf?id=EAdJEN8xKUl
962198f6-0ce1-4558-b41a-246f1b04922e,Temporally Abstract Partial Models,nips.cc/media/neurips-2021/Slides/26609.pdf,openreview.net/pdf?id=LGvlCcMgWqb
790f29d6-82fb-4821-889b-12380921ada9,Implicit Semantic Response Alignment for Partial Domain Adaptation,nips.cc/media/neurips-2021/Slides/28626.pdf,openreview.net/pdf?id=LNXTIrMqyGz
4f8471e7-1e06-4f9d-ba2e-730bb6962cf5,Memory Efficient Meta-Learning with Large Images,nips.cc/media/neurips-2021/Slides/27033.pdf,openreview.net/pdf?id=x2pF7Tt_S5u
c6f7f90a-fe34-4e07-92f0-c2e48b9f82f9,A unified framework for bandit multiple testing,nips.cc/media/neurips-2021/Slides/27044_LbJfpiK.pdf,openreview.net/pdf?id=0fPgXqP1Mq
713f08c9-b4c3-45e4-8e56-143d40bbcd2d,SyncTwin: Treatment Effect Estimation with Longitudinal Outcomes,nips.cc/media/neurips-2021/Slides/27560.pdf,openreview.net/pdf?id=52YubM-VC6H
b1d38bd6-2b92-4223-9ff6-3f7a461e89ab,The Inductive Bias of Quantum Kernels,nips.cc/media/neurips-2021/Slides/27858.pdf,openreview.net/pdf?id=iNqrOCPRmYQ
5c066421-43d2-4313-a2ea-b34b6887d100,The Many Faces of Adversarial Risk,nips.cc/media/neurips-2021/Slides/28046.pdf,openreview.net/pdf?id=-8QSntMuqBV
0f1906b7-b2fc-434e-80c0-2640e5d6a231,"Provable Model-based Nonlinear Bandit and Reinforcement Learning: Shelve Optimism, Embrace Virtual Curvature",nips.cc/media/neurips-2021/Slides/28584.pdf,openreview.net/pdf?id=eOEs9Wa91qH
480b1e38-8685-4f11-91b3-08781297707d,Challenges and Opportunities in High Dimensional Variational Inference,nips.cc/media/neurips-2021/Slides/28575.pdf,openreview.net/pdf?id=_A4-JP8d_f
e5806d7b-ec59-457b-b0e5-3e061bb92873,BARTScore: Evaluating Generated Text as Text Generation,nips.cc/media/neurips-2021/Slides/28542.pdf,openreview.net/pdf?id=5Ya8PbvpZ9
53ef6816-1560-43f3-8263-fad50507d7cf,Dueling Bandits with Team Comparisons,nips.cc/media/neurips-2021/Slides/27126_FUvb2vC.pdf,openreview.net/pdf?id=9PexctnBali
12332b48-db71-4e9b-81ff-777221c89d5e,Automated Discovery of Adaptive Attacks on Adversarial Defenses,nips.cc/media/neurips-2021/Slides/28530.pdf,openreview.net/pdf?id=nWz-Si-uTzt
52b786c3-3577-4524-9209-3ae18aa4d54b,NORESQA: A Framework for Speech Quality Assessment using Non-Matching References,nips.cc/media/neurips-2021/Slides/27147.pdf,openreview.net/pdf?id=RwASmRpLp-
3caadd75-f8ff-4604-84f6-f3a103f8acd8,Test-Time Classifier Adjustment Module for Model-Agnostic Domain Generalization,nips.cc/media/neurips-2021/Slides/27675.pdf,openreview.net/pdf?id=e_yvNqkJKAW
b095f105-dbda-44a3-b619-9d65e0f7ade3,The effectiveness of feature attribution methods and its correlation with automatic evaluation scores,nips.cc/media/neurips-2021/Slides/28492.pdf,openreview.net/pdf?id=OKPS9YdZ8Va
662b293d-3c07-4cd3-8895-023491e65003,Estimating Multi-cause Treatment Effects via Single-cause Perturbation,nips.cc/media/neurips-2021/Slides/27659.pdf,openreview.net/pdf?id=oz3t1BrfNO
048561f6-0ef9-404f-8281-016f5ff3e783,"Statistical Undecidability in Linear, Non-Gaussian Causal Models in the Presence of Latent Confounders",nips.cc/media/neurips-2021/Slides/28491.pdf,openreview.net/pdf?id=KmPSe18DGLs
ffbc01a1-40db-4772-8aff-01f14766260b,End-to-end Multi-modal Video Temporal Grounding,nips.cc/media/neurips-2021/Slides/27774.pdf,openreview.net/pdf?id=ybw2U70q_Vd
51bea4f6-6fe1-4b7a-97bb-70c8683b6e76,NeurWIN: Neural Whittle Index Network For Restless Bandits Via Deep RL,nips.cc/media/neurips-2021/Slides/28446.pdf,openreview.net/pdf?id=5sCVR3Lq6F
def30486-ef5a-483c-8c2f-a6ba54599cc9,Conditioning Sparse Variational Gaussian Processes for Online Decision-making,nips.cc/media/neurips-2021/Slides/26863.pdf,openreview.net/pdf?id=CCvpHGFOzC3
7252e3c7-d12d-4ff2-a6cf-fa95e9668b6b,Partition and Code: learning how to compress graphs,nips.cc/media/neurips-2021/Slides/26867.pdf,openreview.net/pdf?id=qL_juuU4P3Y
0c077978-b862-4e14-b613-fc89019a4c98,Active Offline Policy Selection,nips.cc/media/neurips-2021/Slides/26896.pdf,openreview.net/pdf?id=Zsrn9wXWN0
798e3955-804f-43a2-8c7d-fd26a62c51c3,Large-Scale Wasserstein Gradient Flows,nips.cc/media/neurips-2021/Slides/27486.pdf,openreview.net/pdf?id=nlLjIuHsMHp
92fa17fb-5b8e-4bd9-9110-7f69013a662e,An Efficient Pessimistic-Optimistic Algorithm for Stochastic Linear Bandits with General Constraints,nips.cc/media/neurips-2021/Slides/28796.pdf,openreview.net/pdf?id=luGpyKCzOPI
5ca6789b-7a34-4226-817d-e934f87a7723,Locality defeats the curse of dimensionality in convolutional teacher-student scenarios,nips.cc/media/neurips-2021/Slides/27703.pdf,openreview.net/pdf?id=sBBnfOFtPc
1918a086-55cf-4438-bcf5-eed0f58b0c04,Interpretable agent communication from scratch (with a generic visual processor emerging on the side),nips.cc/media/neurips-2021/Slides/27988.pdf,openreview.net/pdf?id=1AvtkM4H-y7
3bca54e4-1ed8-4f57-883f-503f28746905,Generalized Depthwise-Separable Convolutions for Adversarially Robust and Efficient Neural Networks,nips.cc/media/neurips-2021/Slides/25960.pdf,openreview.net/pdf?id=jNq-i1zd0t9
6838ab3c-7adf-420a-a8d3-b1aaa11eba85,Neural View Synthesis and Matching for Semi-Supervised Few-Shot Learning of 3D Pose,nips.cc/media/neurips-2021/Slides/25924.pdf,openreview.net/pdf?id=JhCcUMFEq7
3fb7bc4b-02cc-46f9-8c5b-907874440d0a,Introspective Distillation for Robust Question Answering,nips.cc/media/neurips-2021/Slides/27192.pdf,openreview.net/pdf?id=OBLl2xoDHPw
7d0592c4-055b-4dd3-be82-0faf1f77880e,EvoGrad: Efficient Gradient-Based Meta-Learning and Hyperparameter Optimization,nips.cc/media/neurips-2021/Slides/26684.pdf,openreview.net/pdf?id=YT_hOa02tqO
e34ed893-f099-4a4c-824a-7ad56b93c924,Exploiting the Intrinsic Neighborhood Structure for Source-free Domain Adaptation,nips.cc/media/neurips-2021/Slides/28283.pdf,openreview.net/pdf?id=yhjpeuWepoj
00f06d1e-90d5-456a-92eb-45c86ddb64d6,Dynamics-regulated kinematic policy for egocentric pose estimation,nips.cc/media/neurips-2021/Slides/26575.pdf,openreview.net/pdf?id=I1GHll1Z7E
e13d8a1a-72eb-4b04-b326-4d95ffde67d6,"A-NeRF: Articulated Neural Radiance Fields for Learning Human Shape, Appearance, and Pose",nips.cc/media/neurips-2021/Slides/26399_YieCC6D.pdf,openreview.net/pdf?id=lwwEh0OM61b
dae6b395-5f7b-40df-823d-dc2d2850875a,Formalizing Generalization and Adversarial Robustness of Neural Networks to Weight Perturbations,nips.cc/media/neurips-2021/Slides/27159.pdf,openreview.net/pdf?id=hOG8swMRmY
3f50b76d-e7bc-44ea-909f-29985a323073,Understanding the Limits of Unsupervised Domain Adaptation via Data Poisoning,nips.cc/media/neurips-2021/Slides/28031.pdf,openreview.net/pdf?id=1TuwAYxRAC
23b2d8d0-9b26-4695-b7cd-1b10245d59cf,Grad2Task: Improved Few-shot Text Classification Using Gradients for Task Representation,nips.cc/media/neurips-2021/Slides/26349.pdf,openreview.net/pdf?id=jScy7BjbZeQ
2645294a-1f3e-48e5-babe-700540c8db9c,Proxy-Normalizing Activations to Match Batch Normalization while Removing Batch Dependence,nips.cc/media/neurips-2021/Slides/26318_BEoq5Wh.pdf,openreview.net/pdf?id=pzmwfDLoANS
e771b052-8388-4e87-a9f6-3910e1e8f02a,Adversarial Robustness without Adversarial Training: A Teacher-Guided Curriculum Learning Approach,nips.cc/media/neurips-2021/Slides/26314.pdf,openreview.net/pdf?id=MqCzSKCQ1QB
b85684eb-f5a5-464b-a677-3fcb363cbdb2,Unsupervised Part Discovery from Contrastive Reconstruction,nips.cc/media/neurips-2021/Slides/26254.pdf,openreview.net/pdf?id=iHXQPrISusS
8107ed12-474a-461a-b057-f47e31cd4f32,Finding Optimal Tangent Points for Reducing Distortions of Hard-label Attacks,nips.cc/media/neurips-2021/Slides/27350.pdf,openreview.net/pdf?id=g0wang64Zjd
b4d0bc4a-7322-4b68-b86e-2d7c88222640,SILG: The Multi-domain Symbolic Interactive Language Grounding Benchmark,nips.cc/media/neurips-2021/Slides/26214.pdf,openreview.net/pdf?id=ZCDObqK6ifu
20f2cafb-9d07-4470-b0c0-1c64a412ded2,An Infinite-Feature Extension for Bayesian ReLU Nets That Fixes Their Asymptotic Overconfidence,nips.cc/media/neurips-2021/Slides/26165.pdf,openreview.net/pdf?id=ehzq1YQrucI
32d2c63e-9fb5-4f02-9992-1e5a9e8266b8,Improving Robustness using Generated Data,nips.cc/media/neurips-2021/Slides/31622.pdf,proceedings.neurips.cc/paper/2021/file/21ca6d0cf2f25c4dbb35d8dc0b679c3f-Paper.pdf
e0a7d246-4a03-4a9d-a478-ed5c732950fe,Recurrent Submodular Welfare and Matroid Blocking Semi-Bandits,nips.cc/media/neurips-2021/Slides/27809.pdf,openreview.net/pdf?id=lS-ocNKV-u
9fe3cd75-6193-46b7-87ee-6355d4196b63,On Success and Simplicity: A Second Look at Transferable Targeted Attacks,nips.cc/media/neurips-2021/Slides/26087.pdf,openreview.net/pdf?id=aHK-onEhYRg
3b7637c5-7fbb-4d48-bf2e-10e6123ab0a4,Accommodating Picky Customers: Regret Bound and Exploration Complexity for Multi-Objective Reinforcement Learning,nips.cc/media/neurips-2021/Slides/27967.pdf,openreview.net/pdf?id=xdk17QJpf5q
a67a2606-69a7-411f-ae10-2349fd014048,MagNet: A Neural Network for Directed Graphs,nips.cc/media/neurips-2021/Slides/26382.pdf,openreview.net/pdf?id=TRDAFiwDq8A
2aadf56a-d5e3-457f-81c9-fbaa2896221a,AugMax: Adversarial Composition of Random Augmentations for Robust Training,nips.cc/media/neurips-2021/Slides/26387_SpxnbZ9.pdf,openreview.net/pdf?id=P5MtdcVdFZ4
e6fefbbf-c312-4ec6-8891-c245a33bd1c6,Densely connected normalizing flows,nips.cc/media/neurips-2021/Slides/28026.pdf,openreview.net/pdf?id=JNSwviqJhS
464174e6-16c0-4ef4-bdfe-94e17aee9b46,Multi-Person 3D Motion Prediction with Multi-Range Transformers,nips.cc/media/neurips-2021/Slides/26050.pdf,openreview.net/pdf?id=gCaaFNvjfpPe
3c3466cd-2db6-49cd-99b8-2b253b76fe62,When Expressivity Meets Trainability: Fewer than $n$ Neurons Can Work,nips.cc/media/neurips-2021/Slides/33025.pdf,openreview.net/pdf?id=K_MD-PMTLtA
e0da6908-2c23-4bd2-8192-f0939b4e7784,Self-Supervised Multi-Object Tracking with Cross-input Consistency,nips.cc/media/neurips-2021/Slides/28338.pdf,openreview.net/pdf?id=Vc2SXubOUuf
62d69b99-bebe-47cd-b266-3b51aa7b2592,UniDoc: Unified Pretraining Framework for Document Understanding,nips.cc/media/neurips-2021/Slides/28496.pdf,openreview.net/pdf?id=UMcd6l1msUK
ff166085-fe17-4332-a151-b8390a193733,CSDI: Conditional Score-based Diffusion Models for Probabilistic Time Series Imputation,nips.cc/media/neurips-2021/Slides/26846.pdf,openreview.net/pdf?id=VzuIzbRDrum
9ca06cee-e732-45b8-82e7-cee1a227ca02,Predicting Event Memorability from Contextual Visual Semantics,nips.cc/media/neurips-2021/Slides/27731.pdf,openreview.net/pdf?id=luWTh5Q63e
c9e02a2a-f887-4921-9622-3343eb325ed0,Weighted model estimation for offline model-based reinforcement learning,nips.cc/media/neurips-2021/Slides/26612_tPSdCkT.pdf,openreview.net/pdf?id=zdC5eXljMPy
6b4c97f5-f7b0-4d97-b2f8-64c19afd8dd0,Do Transformers Really Perform Badly for Graph Representation?,nips.cc/media/neurips-2021/Slides/27679_XmkCZkZ.pdf,openreview.net/pdf?id=OeWooOxFwDa
7d51f9a1-bc05-4c04-a402-7489e11e4626,Transfer Learning of Graph Neural Networks with Ego-graph Information Maximization,nips.cc/media/neurips-2021/Slides/26736.pdf,openreview.net/pdf?id=CzVPfeqPOBu
5779eff3-f681-4c5c-8e67-a5ea896aef2a,Exponential Graph is Provably Efficient for Decentralized Deep Training,nips.cc/media/neurips-2021/Slides/27137.pdf,openreview.net/pdf?id=l2UWXn5iBQI
b48801d7-610c-4fd8-b9ed-485ab6276b65,Shift-Robust GNNs: Overcoming the Limitations of Localized Graph Training data,nips.cc/media/neurips-2021/Slides/26721.pdf,openreview.net/pdf?id=uY-XMIbyXec
4d11fee4-c3ce-41db-a548-5ed458476061,Understanding the Effect of Stochasticity in Policy Optimization,nips.cc/media/neurips-2021/Slides/26273.pdf,openreview.net/pdf?id=oAog3W9w6R
3392329b-679d-4e37-a738-cfbfec7e99ce,Improved Transformer for High-Resolution GANs,nips.cc/media/neurips-2021/Slides/26771.pdf,openreview.net/pdf?id=zmbiQmdtg9
7fba50c0-2df1-43cc-b54e-25f12d0f70a3,Imitating Deep Learning Dynamics via  Locally Elastic Stochastic Differential Equations,nips.cc/media/neurips-2021/Slides/27047.pdf,openreview.net/pdf?id=zEuLFJCRk4X
979d29df-b964-4755-a917-1b31d435e373,Deceive D: Adaptive Pseudo Augmentation for GAN Training with Limited Data,nips.cc/media/neurips-2021/Slides/27384.pdf,openreview.net/pdf?id=spjlJ4jeM_
d09a01a7-6298-4e9e-a9ea-7b90bc626a03,Self-Diagnosing GAN: Diagnosing Underrepresented Samples in Generative Adversarial Networks,nips.cc/media/neurips-2021/Slides/28142.pdf,openreview.net/pdf?id=SGZn06ZXcG
b6d3c644-407a-43c7-8ceb-bbaa8635a67a,On Pathologies in KL-Regularized Reinforcement Learning from Expert Demonstrations,nips.cc/media/neurips-2021/Slides/26404.pdf,openreview.net/pdf?id=sS8rRmgAatA
13289144-257c-48b7-9978-932daa3164a8,Better Safe Than Sorry: Preventing Delusive Adversaries with Adversarial Training,nips.cc/media/neurips-2021/Slides/27598_n5Lv3r6.pdf,openreview.net/pdf?id=I39u89067j
6ee20340-06c3-4350-aa47-1d7b25155d37,Conservative Data Sharing for Multi-Task Offline Reinforcement Learning,nips.cc/media/neurips-2021/Slides/26523.pdf,openreview.net/pdf?id=YxxzNLfXBz
58631056-788a-46c4-adcc-4bbd89595bda,AC-GC: Lossy Activation Compression with Guaranteed Convergence,nips.cc/media/neurips-2021/Slides/26922.pdf,openreview.net/pdf?id=MwFdqFRxIF0
14b1d5d3-ee57-4a2d-8866-b710256e1746,Amortized Variational Inference for Simple Hierarchical Models,nips.cc/media/neurips-2021/Slides/27789.pdf,openreview.net/pdf?id=Rw_fo_Z2vV
77313914-4c65-40a4-9c98-5427ee2ab2eb,Co-Adaptation of Algorithmic and Implementational Innovations in Inference-based Deep Reinforcement Learning,nips.cc/media/neurips-2021/Slides/28472.pdf,openreview.net/pdf?id=vLyI__SoeAe
4cf58d4d-c1a9-4cc2-9cb5-878869a9e91e,Pareto-Optimal Learning-Augmented Algorithms for Online Conversion Problems,nips.cc/media/neurips-2021/Slides/27958.pdf,openreview.net/pdf?id=ycmcCSoNBx8
f2237a78-4ab2-427a-9eaf-dfe1e0072604,The Emergence of Objectness: Learning Zero-shot Segmentation from Videos,nips.cc/media/neurips-2021/Slides/27567_aOltIJM.pdf,openreview.net/pdf?id=grfI7Rnv5P
222b9dc7-a78d-494c-8ceb-47eb47d03af9,Symbolic Regression via Deep Reinforcement Learning Enhanced Genetic Programming Seeding,nips.cc/media/neurips-2021/Slides/28513.pdf,openreview.net/pdf?id=tjwQaOI9tdy
8f4d56c4-8bb8-4103-89eb-838a18cb9a5f,Provably Efficient Reinforcement Learning with Linear Function Approximation under Adaptivity Constraints,nips.cc/media/neurips-2021/Slides/28052.pdf,openreview.net/pdf?id=vYZmTEDFoqP
baa55d7a-254e-4686-97f8-33fdeb4c5796,Fine-grained Generalization Analysis of Inductive Matrix Completion,nips.cc/media/neurips-2021/Slides/27322.pdf,openreview.net/pdf?id=lDzLzhUIwBq
8717be6a-955e-43c9-a702-0ef0a6b41a32,Choose a Transformer: Fourier or Galerkin,nips.cc/media/neurips-2021/Slides/27535.pdf,openreview.net/pdf?id=ssohLcmn4-r
c9e33a11-a932-4bf6-b7d5-3c74db15206a,Flow Network based Generative Models for Non-Iterative Diverse Candidate Generation,nips.cc/media/neurips-2021/Slides/26729.pdf,openreview.net/pdf?id=Arn2E4IRjEB
bfd589c5-7eb0-46cd-89cd-f0b02a663a82,Goal-Aware Cross-Entropy for Multi-Target Reinforcement Learning,nips.cc/media/neurips-2021/Slides/27451.pdf,openreview.net/pdf?id=bsGr_8zmRos
baaf6c6f-5980-4353-806f-c714489d1df1,Representer Point Selection via Local Jacobian Expansion for Post-hoc Classifier Explanation of Deep Neural Networks and Ensemble Models,nips.cc/media/neurips-2021/Slides/27007.pdf,openreview.net/pdf?id=Wl32WBZnSP4
fac4595c-ca81-491f-a0ac-53a2243e0c84,Excess Capacity and Backdoor Poisoning,nips.cc/media/neurips-2021/Slides/27331.pdf,openreview.net/pdf?id=8kk8a_zvWua
13ea222f-a47a-448e-8ede-3b6758064b50,Regularized Frank-Wolfe for Dense CRFs: Generalizing Mean Field and Beyond,nips.cc/media/neurips-2021/Slides/26419.pdf,openreview.net/pdf?id=lI2To0NGe3Q
0d3869cc-c987-49f8-8721-58677faa18d1,Integrating Expert ODEs into Neural ODEs: Pharmacology and Disease Progression,nips.cc/media/neurips-2021/Slides/26125.pdf,openreview.net/pdf?id=dDcs_iSZze5
ab61909d-0641-4539-8510-a7a512cff93b,SAPE: Spatially-Adaptive Progressive Encoding for Neural Optimization,nips.cc/media/neurips-2021/Slides/26161.pdf,openreview.net/pdf?id=0wqGMmfqBw
059e820d-39cb-4e86-9e8d-7b41767090ec,BCORLE($\lambda$): An Offline Reinforcement Learning and Evaluation Framework for Coupons Allocation in E-commerce Market,nips.cc/media/neurips-2021/Slides/26101.pdf,openreview.net/pdf?id=9dYr4pFCLIW
c547f809-47f7-4944-ad2f-0374f708f422,Robust Inverse Reinforcement Learning under Transition Dynamics Mismatch,nips.cc/media/neurips-2021/Slides/27427.pdf,openreview.net/pdf?id=t8HduwpoQQv
8c746497-af72-407f-a01a-9cbc562dbf87,Invertible Tabular GANs: Killing Two Birds with One Stone for Tabular Data Synthesis,nips.cc/media/neurips-2021/Slides/27157.pdf,openreview.net/pdf?id=tvDBe6K8L5o
40166036-7cdd-4e12-8984-97ef8c56de6a,Video Instance Segmentation using Inter-Frame Communication Transformers,nips.cc/media/neurips-2021/Slides/27805.pdf,openreview.net/pdf?id=pvjfA4wogD6
68ef1424-bdb6-444b-9723-1ac9751690ac,Uncertainty Quantification and Deep Ensembles,nips.cc/media/neurips-2021/Slides/27586.pdf,openreview.net/pdf?id=wg_kD_nyAF
543c777a-48b9-4d45-8e84-e150fd7aa917,A Framework to Learn with Interpretation,nips.cc/media/neurips-2021/Slides/30495.pdf,proceedings.neurips.cc/paper/2021/file/cbb6a3b884f4f88b3a8e3d44c636cbd8-Paper.pdf
406c60a6-1f3e-47af-81f0-0d6ad623c763,Generalization Error Rates in Kernel Regression: The Crossover from the Noiseless to Noisy Regime,nips.cc/media/neurips-2021/Slides/27554_GDlkPlf.pdf,openreview.net/pdf?id=Da_EHrAcfwd
d61883d5-fa6d-4e01-892f-7a9d4c7523c1,Learning to Iteratively Solve Routing Problems with Dual-Aspect Collaborative Transformer,nips.cc/media/neurips-2021/Slides/25973.pdf,openreview.net/pdf?id=63pC59XOZLZ
b41b3c40-9e23-44bc-8eb1-6cea7835ceb4,Neural Relightable Participating Media Rendering,nips.cc/media/neurips-2021/Slides/26783.pdf,openreview.net/pdf?id=lkYOOQIcC0L
be180fc4-f825-4ddf-8547-0fbe2a5a459f,Self-Supervised Representation Learning on Neural Network Weights for Model Characteristic Prediction,nips.cc/media/neurips-2021/Slides/27428.pdf,openreview.net/pdf?id=F1D8buayXQT
c1b6a60a-e452-4fec-abf5-84b9c470c1d8,Pruning Randomly Initialized Neural Networks with Iterative Randomization,nips.cc/media/neurips-2021/Slides/27593.pdf,openreview.net/pdf?id=QCPY2eMXYs
5417e834-78e0-4e7a-b3b3-810d49978545,Exploiting Domain-Specific Features to Enhance Domain Generalization,nips.cc/media/neurips-2021/Slides/27747.pdf,openreview.net/pdf?id=vKxFYApxBjr
c098a02c-bf4d-41c8-a5a5-aa3f58dcad22,Learning to Generate Realistic Noisy Images via Pixel-level Noise-aware  Adversarial Training,nips.cc/media/neurips-2021/Slides/27589.pdf,openreview.net/pdf?id=Wua2zjxJdYo
a6a0e5cf-1e3a-4bb8-8556-48e3f309af5b,Neighborhood Reconstructing Autoencoders,nips.cc/media/neurips-2021/Slides/27723.pdf,openreview.net/pdf?id=_kaH2bAI3O
1c4bbbdb-553e-41aa-99b7-75815ee9c8a3,3D Pose Transfer with Correspondence Learning and Mesh Refinement,nips.cc/media/neurips-2021/Slides/27621_MsCPblG.pdf,openreview.net/pdf?id=fG01Z_unHC
bf333042-64af-473c-a8f2-d95128316913,Learning Collaborative Policies to Solve NP-hard Routing Problems,nips.cc/media/neurips-2021/Slides/27643_hvjXdxT.pdf,openreview.net/pdf?id=pDgN3l3EAF
e48ebcb1-9274-4249-8850-76f70ede2eab,Compacter: Efficient Low-Rank Hypercomplex Adapter Layers,nips.cc/media/neurips-2021/Slides/27655_ftSKIKm.pdf,openreview.net/pdf?id=bqGK5PyI6-N
31a57fd8-6691-4368-9b45-fdc356b50806,Towards Better Understanding of Training Certifiably Robust Models against Adversarial Examples,nips.cc/media/neurips-2021/Slides/26088.pdf,openreview.net/pdf?id=b18Az57ioHn
37b0a680-d685-4351-b55f-1f9130d05d95,Convex-Concave Min-Max Stackelberg Games,nips.cc/media/neurips-2021/Slides/26703_zzhBW6U.pdf,openreview.net/pdf?id=gaftyBQ4Lu
71d90440-1417-46ca-a315-4eccf4eb2064,IQ-Learn: Inverse soft-Q Learning for Imitation,nips.cc/media/neurips-2021/Slides/26537.pdf,openreview.net/pdf?id=Aeo-xqtb5p
983dccc5-fd8f-461b-95de-093b87b5253e,Policy Learning Using Weak Supervision,nips.cc/media/neurips-2021/Slides/27948.pdf,openreview.net/pdf?id=UZgQhsTYe3R
a63c375c-8db3-4061-862b-74a57a0c81c9,Learning on Random Balls is Sufficient for Estimating (Some) Graph Parameters,nips.cc/media/neurips-2021/Slides/27448.pdf,openreview.net/pdf?id=Tbq5fYViJzm
dd5b60d4-ab3f-493f-9d30-e17c461ca149,Accurately Solving Rod Dynamics with Graph Learning,nips.cc/media/neurips-2021/Slides/28850.pdf,openreview.net/pdf?id=r2uzPR4AYo
5b7d6e10-ce23-4c5d-967d-7fcd2b61ba86,Scalable Rule-Based Representation Learning for Interpretable Classification,nips.cc/media/neurips-2021/Slides/28813.pdf,openreview.net/pdf?id=q_fMLfwTAJY
eed96d1e-c846-4c60-a034-601c2d9f758b,RETRIEVE: Coreset Selection for Efficient and Robust Semi-Supervised Learning,nips.cc/media/neurips-2021/Slides/26930.pdf,openreview.net/pdf?id=jSz59N8NvUP
82fa37aa-77ba-4f3d-90d7-c3bfa89a4365,Ising Model Selection Using $\ell_{1}$-Regularized Linear Regression: A Statistical Mechanics Analysis,nips.cc/media/neurips-2021/Slides/28748.pdf,openreview.net/pdf?id=yTXtUSV-gk4
967165cc-0da1-4b82-b3be-3cb7a089f215,Bridging Non Co-occurrence with Unlabeled In-the-wild Data for Incremental Object Detection,nips.cc/media/neurips-2021/Slides/28731.pdf,openreview.net/pdf?id=1dcGJjvwl2h
82509ff2-e9d5-4827-99f0-e4769637aa90,Vector-valued Distance and Gyrocalculus on the Space of Symmetric Positive Definite Matrices,nips.cc/media/neurips-2021/Slides/28702.pdf,openreview.net/pdf?id=9uXILaIam0
d09ea594-67bf-4c04-a87a-44299b9c0c61,Credit Assignment in Neural Networks through Deep Feedback Control,nips.cc/media/neurips-2021/Slides/27615.pdf,openreview.net/pdf?id=REXvo_lsQS9
7ab1cbd0-6a6a-43fb-92f3-97388b11b5db,Learning from Inside: Self-driven Siamese Sampling and Reasoning for Video Question Answering,nips.cc/media/neurips-2021/Slides/28659_kPlaiiX.pdf,openreview.net/pdf?id=lDVeaQIScg
112d5fe9-b3b2-418b-8a84-2e94604fcc2c,Linear Convergence of Gradient Methods for Estimating Structured Transition Matrices in High-dimensional Vector Autoregressive Models,nips.cc/media/neurips-2021/Slides/28633.pdf,openreview.net/pdf?id=dsevgAwUH4m
1abbc1e7-54d2-4564-8a0a-e402837eb8e9,Latent Equilibrium: A unified learning theory for arbitrarily fast computation with arbitrarily slow neurons,nips.cc/media/neurips-2021/Slides/27114.pdf,openreview.net/pdf?id=an8FSGbuCw
1b2bd45a-3d4a-4caa-9f73-ca318f54f797,Probabilistic Entity Representation Model for Reasoning over Knowledge Graphs,nips.cc/media/neurips-2021/Slides/28532.pdf,openreview.net/pdf?id=ACV8iBHtbR
77962c1f-b284-4003-b5f3-8ffb52323f18,Learning Causal Semantic Representation for Out-of-Distribution Prediction,nips.cc/media/neurips-2021/Slides/27172.pdf,openreview.net/pdf?id=-msETI57gCH
81ea5150-5bfc-41a9-9ef0-c8f61f9957e0,Learnability of Linear Thresholds from Label Proportions,nips.cc/media/neurips-2021/Slides/26900.pdf,openreview.net/pdf?id=5BnaKeEwuYk
bc2cb5fb-a2aa-4c3c-bdac-132d8262ab1a,Modality-Agnostic Topology Aware Localization,nips.cc/media/neurips-2021/Slides/28423.pdf,openreview.net/pdf?id=3v6n7458GAq
9005a098-43b3-42a5-b377-1f2f1e3591b3,Action-guided 3D Human Motion Prediction,nips.cc/media/neurips-2021/Slides/27231.pdf,openreview.net/pdf?id=ffj1YFEMqvn
fb9996fd-c9c8-4af5-8881-d20592588bdd,Differentiable Learning Under Triage,nips.cc/media/neurips-2021/Slides/28375.pdf,openreview.net/pdf?id=bdA60x7yG0T
4cd82ea2-4e73-4ed3-90da-2e82f8922866,TestRank: Bringing Order into Unlabeled Test Instances for Deep Learning Tasks,nips.cc/media/neurips-2021/Slides/27266.pdf,openreview.net/pdf?id=W-agFo22-TS
64dcf04b-d9bd-437d-8acf-bb9b4bfae091,Learning to dehaze with polarization,nips.cc/media/neurips-2021/Slides/27861_jl7iVYK.pdf,openreview.net/pdf?id=Ua9Vi0QqwD4
aad6c5da-e4d6-40c7-8458-8fbe59ec02c8,Differentiable Synthesis of Program Architectures,nips.cc/media/neurips-2021/Slides/26595.pdf,openreview.net/pdf?id=ivXd1iOKx9M
8e2c0c42-fb75-40f7-9fb4-bf90ac5e2013,Few-Shot Object Detection via Association and DIscrimination,nips.cc/media/neurips-2021/Slides/28320.pdf,openreview.net/pdf?id=XjIm8hOCxTm
bb6f7343-0890-45f3-aacb-95dded158331,Coarse-to-fine Animal Pose and Shape Estimation,nips.cc/media/neurips-2021/Slides/28324.pdf,openreview.net/pdf?id=HxuQiq1SnyS
0e07843b-ca23-4223-994a-34e48d6ca137,VAST: Value Function Factorization with Variable Agent Sub-Teams,nips.cc/media/neurips-2021/Slides/27293.pdf,openreview.net/pdf?id=hyJKKIhfxxT
bd4ae0fc-bc55-4915-9393-78ec03d713c9,Distilling Object Detectors with Feature Richness,nips.cc/media/neurips-2021/Slides/28209.pdf,openreview.net/pdf?id=_bOfK2k_7R
6b2c9eac-7839-4305-98e1-f802bb37a3df,The Image Local Autoregressive Transformer,nips.cc/media/neurips-2021/Slides/28233.pdf,openreview.net/pdf?id=6mEWjDYJeE-
ff47f351-31af-4920-b501-671116a40c86,Using Random Effects to Account for High-Cardinality Categorical Features and Repeated Measures in Deep Neural Networks,nips.cc/media/neurips-2021/Slides/28784.pdf,openreview.net/pdf?id=8hLuUnBwfM2
d359517e-478d-4aad-b50f-9ebbbac4a6fe,All Tokens Matter: Token Labeling for Training Better Vision Transformers,nips.cc/media/neurips-2021/Slides/28187.pdf,openreview.net/pdf?id=2vubO341F_E
8b2c8403-db7e-48a5-8ca2-785abf3afc7f,Shape from Blur: Recovering Textured 3D Shape and Motion of Fast Moving Objects,nips.cc/media/neurips-2021/Slides/27362.pdf,openreview.net/pdf?id=CyZF4CLnQ8D
f446d2af-c255-4924-8d58-581b09de9646,FlexMatch: Boosting Semi-Supervised Learning with Curriculum Pseudo Labeling,nips.cc/media/neurips-2021/Slides/27400.pdf,openreview.net/pdf?id=3qMwV98zLIk
0b55886e-908c-49a4-8830-ede9391880ec,Interpreting Representation Quality of DNNs for 3D Point Cloud Processing,nips.cc/media/neurips-2021/Slides/27421.pdf,openreview.net/pdf?id=QMG2bzvk5HV
72b6efff-ebd2-41ec-8d94-91898614b12a,Distilling Image Classifiers in Object Detectors,nips.cc/media/neurips-2021/Slides/27445.pdf,openreview.net/pdf?id=tCYjE8Pf2Zg
04a26100-0d82-4094-ade1-aeb926834689,Learning Conjoint Attentions for Graph Neural Nets,nips.cc/media/neurips-2021/Slides/27485.pdf,openreview.net/pdf?id=SMU_hbhhEQ
736c07cc-d829-413e-8b6c-fd44ad7d0494,Hard-Attention for Scalable Image Classification,nips.cc/media/neurips-2021/Slides/27493.pdf,openreview.net/pdf?id=_6DawVPqyl
1e16f4d0-df28-4d23-b787-909399dd40e3,Shape your Space: A Gaussian Mixture Regularization Approach to Deterministic Autoencoders,nips.cc/media/neurips-2021/Slides/27498_iDCWAUN.pdf,openreview.net/pdf?id=WybjTtCKfGi
3f63bc2a-2168-4b13-b96b-e84759755aee,Fast Abductive Learning by Similarity-based Consistency Optimization,nips.cc/media/neurips-2021/Slides/27930.pdf,openreview.net/pdf?id=UMrf6F4Tg9c
20ffb97b-7ff1-4843-bdbc-4c326bd716a4,"PTR: A Benchmark for Part-based Conceptual, Relational, and Physical Reasoning",nips.cc/media/neurips-2021/Slides/26694.pdf,openreview.net/pdf?id=dTp-VUFDIB
bbce9f54-2d54-4974-af2d-89fc1b662aa0,MixACM: Mixup-Based Robustness Transfer via Distillation of Activated Channel Maps,nips.cc/media/neurips-2021/Slides/27536.pdf,openreview.net/pdf?id=NrEwQwhPODl
ce6299dc-3273-43b3-8077-bfee6b3c54e3,Towards a Unified Game-Theoretic View of Adversarial Perturbations and Robustness,nips.cc/media/neurips-2021/Slides/27564.pdf,openreview.net/pdf?id=fMaIxda5Y6K
d1011815-a02a-4eb7-bcc5-03f296f12170,Towards Efficient and Effective Adversarial Training,nips.cc/media/neurips-2021/Slides/26270.pdf,openreview.net/pdf?id=kuK2VARZGnI
fc29e6a5-f695-4f97-9a6c-39c2c5698e39,Variance-Aware Off-Policy Evaluation with Linear Function Approximation,nips.cc/media/neurips-2021/Slides/28068.pdf,openreview.net/pdf?id=FKmcLhJ4mn
1cb8437d-403b-4407-8247-48a86fc5bdd8,ResNEsts and DenseNEsts: Block-based DNN Models with Improved Representation Guarantees,nips.cc/media/neurips-2021/Slides/26473_daF4xSe.pdf,openreview.net/pdf?id=IROqhpEha8
64c864f4-e5d1-4492-8c93-b4e4223d3d2e,A Law of Iterated Logarithm for Multi-Agent Reinforcement Learning,nips.cc/media/neurips-2021/Slides/26344.pdf,openreview.net/pdf?id=6veB3MCD-bu
5cec8b0d-4c68-4adc-85ca-6e026c6f3363,SEAL: Self-supervised Embodied Active Learning using Exploration and 3D Consistency,nips.cc/media/neurips-2021/Slides/26316.pdf,openreview.net/pdf?id=guHXB1dcD3l
606cec13-b2fc-4f60-94f5-2a8e8487ca2e,Topological Detection of Trojaned Neural Networks,nips.cc/media/neurips-2021/Slides/26328.pdf,openreview.net/pdf?id=1r2EannVuIA
6bec6969-097e-4cfc-b52c-f87810c97ff4,Multiple Descent: Design Your Own Generalization Curve,nips.cc/media/neurips-2021/Slides/28501.pdf,openreview.net/pdf?id=rh0vIXw6i33
2cfdaa95-416d-482d-ae29-d26969a52724,SADGA: Structure-Aware Dual Graph Aggregation Network for Text-to-SQL,nips.cc/media/neurips-2021/Slides/26032.pdf,openreview.net/pdf?id=NJg6R1ATGpe
a588b6dc-e020-415b-90cd-f14105a60078,On the Value of Interaction and Function Approximation in Imitation Learning,nips.cc/media/neurips-2021/Slides/27828.pdf,openreview.net/pdf?id=Xa9Ba6NsJ6
ff625abf-5d12-4c1a-a83e-0963d45f85e8,Best of Both Worlds: Practical and Theoretically Optimal Submodular Maximization in Parallel,nips.cc/media/neurips-2021/Slides/27955.pdf,openreview.net/pdf?id=Ri2G086_3v
a9a035eb-c94a-446a-a35f-39bd87ab0112,Reinforcement Learning in Linear MDPs: Constant Regret and Representation Selection,nips.cc/media/neurips-2021/Slides/25964.pdf,openreview.net/pdf?id=t0r2M-ndcaJ
137b209e-ec49-4e68-89d7-89e32cc21a7f,Particle Dual Averaging: Optimization of Mean Field Neural Network with Global Convergence Rate Analysis,nips.cc/media/neurips-2021/Slides/26255.pdf,openreview.net/pdf?id=jbcRU9dkxs
6d895e39-2f40-4881-a8f8-187aecb086d0,Scaling Neural Tangent Kernels via Sketching and Random Features,nips.cc/media/neurips-2021/Slides/28204.pdf,openreview.net/pdf?id=vIRFiA658rh
e27a9693-8856-445c-a47e-7343265e4f6e,Bridging Offline Reinforcement Learning and Imitation Learning: A Tale of Pessimism,nips.cc/media/neurips-2021/Slides/27227.pdf,openreview.net/pdf?id=G8A_Nl0yim6
1da470b2-2f5b-4aed-9d85-64aae330c3bd,Class-Disentanglement and Applications in Adversarial Detection and Defense,nips.cc/media/neurips-2021/Slides/26667.pdf,openreview.net/pdf?id=jFMzBeLyTc0
d019c54e-cb77-4281-86af-d9ee40b5a2d9,On the Stochastic Stability of Deep Markov Models,nips.cc/media/neurips-2021/Slides/28603.pdf,openreview.net/pdf?id=Z2ZWIvNeVUl
d8dea783-8131-4dee-8a6f-8849ae8d793a,Robust Optimization for Multilingual Translation with Imbalanced Data,nips.cc/media/neurips-2021/Slides/28610.pdf,openreview.net/pdf?id=Rv3vp-JDUSJ
e189c560-e94e-4fef-bbe6-4ad21d9c529a,CO-PILOT: COllaborative Planning and reInforcement Learning On sub-Task curriculum,nips.cc/media/neurips-2021/Slides/27447.pdf,openreview.net/pdf?id=uz_2t6VZby
fe3bb6dd-8308-47fe-8f48-8d09eaf24d90,NAS-Bench-x11 and the Power of Learning Curves,nips.cc/media/neurips-2021/Slides/26647.pdf,openreview.net/pdf?id=V8PcLz1NoQ0
08180bfd-d01b-4cac-a33c-c90c76113373,Lifelong Domain Adaptation via Consolidated Internal Distribution,nips.cc/media/neurips-2021/Slides/28015_kt0kTnC.pdf,openreview.net/pdf?id=lpW-UP8VKcg
8790b574-1fe7-4efe-9e0d-ee9592e2c1a4,Open Rule Induction,nips.cc/media/neurips-2021/Slides/27468_rotF5wV.pdf,openreview.net/pdf?id=Tku-9lhJC5
f59f96ff-3798-43af-ade1-88c61a652036,TransMIL: Transformer based Correlated Multiple Instance Learning for Whole Slide Image Classification,nips.cc/media/neurips-2021/Slides/28801.pdf,openreview.net/pdf?id=LKUfuWxajHc
0bb388aa-f6be-45aa-9f92-66b79cab67ca,CHIP: CHannel Independence-based Pruning for Compact Neural Networks,nips.cc/media/neurips-2021/Slides/25920.pdf,openreview.net/pdf?id=EmeWbcWORRg
56263f3e-fd31-4f21-a42f-9cf4ae494a32,Training Feedback Spiking Neural Networks by Implicit Differentiation on the Equilibrium State,nips.cc/media/neurips-2021/Slides/28803.pdf,openreview.net/pdf?id=f2Llmm_z5Sm
2a93bd82-abc3-47bf-804d-15020777db44,Neural Bellman-Ford Networks: A General Graph Neural Network Framework for Link Prediction,nips.cc/media/neurips-2021/Slides/27591.pdf,openreview.net/pdf?id=DEsIX_D_vR
18082712-dfae-4094-a8e9-4f81c63d7d81,How Modular should Neural Module Networks Be for Systematic Generalization?,nips.cc/media/neurips-2021/Slides/26740.pdf,openreview.net/pdf?id=dwY40cSK-dt
de7d23af-fe2a-4f92-be43-e9348e47c7a2,Diversity Enhanced Active Learning with Strictly Proper Scoring Rules,nips.cc/media/neurips-2021/Slides/27673.pdf,openreview.net/pdf?id=S74dteBBSVO
1ded1c7e-94a6-45c3-8ef5-823819cdde06,Evaluating Efficient Performance Estimators of Neural Architectures,nips.cc/media/neurips-2021/Slides/26776.pdf,openreview.net/pdf?id=Esd7tGH3Spl
95eaa098-c5f9-42f9-955d-5059219d5847,Federated Split Task-Agnostic  Vision Transformer for COVID-19 CXR Diagnosis,nips.cc/media/neurips-2021/Slides/27669.pdf,openreview.net/pdf?id=Ggikq6Tdxch
1a9dd1f6-c59d-4420-bf0c-918ea4a7b7ab,Posterior Collapse and Latent Variable Non-identifiability,nips.cc/media/neurips-2021/Slides/27931.pdf,openreview.net/pdf?id=ejAu7ugNj_M
6df93690-3fef-4b80-b036-125a3b0508f5,Adversarial Attack Generation Empowered by Min-Max Optimization,nips.cc/media/neurips-2021/Slides/27929.pdf,openreview.net/pdf?id=xlNpxfGMTTu
ee33220c-e1ea-409d-a103-a6c1a14acbe0,Efficient Mirror Descent Ascent Methods for Nonsmooth Minimax Problems,nips.cc/media/neurips-2021/Slides/26760.pdf,openreview.net/pdf?id=3EuMT2Lqn4q
9ab7c67d-0fb2-42ff-b0df-6ac32a2a478c,Neural Active Learning with Performance Guarantees,nips.cc/media/neurips-2021/Slides/26787.pdf,openreview.net/pdf?id=iPHnzuU6S94
d2cf1c7c-273c-48bb-8cee-3a314ed100e9,A Consciousness-Inspired Planning Agent for Model-Based Reinforcement Learning,nips.cc/media/neurips-2021/Slides/28261.pdf,openreview.net/pdf?id=jh1lAmTMOJp
299092ab-c756-44f4-97df-18bfd9031915,Counterbalancing Learning and Strategic Incentives in Allocation Markets,nips.cc/media/neurips-2021/Slides/27049.pdf,openreview.net/pdf?id=vFKvKIwcHw9
20776423-8564-49aa-8d80-010494305309,Graph Neural Networks with Adaptive Residual,nips.cc/media/neurips-2021/Slides/26726_1Q9VQuQ.pdf,openreview.net/pdf?id=hfkER_KJiNw
900a4a1a-0342-4add-926a-4c0c5e9753c4,TNASP: A Transformer-based NAS Predictor with a Self-evolution Framework,nips.cc/media/neurips-2021/Slides/26469.pdf,openreview.net/pdf?id=_aJnkoYKj6s
a0d338a9-b02a-49e8-8623-6f14d6a22282,Permuton-induced Chinese Restaurant Process,nips.cc/media/neurips-2021/Slides/26599.pdf,openreview.net/pdf?id=hhkyM3ib9e6
6fa8c736-5ca1-4b71-bc67-421516b27143,Fault-Tolerant Federated Reinforcement Learning with Theoretical Guarantee,nips.cc/media/neurips-2021/Slides/28144.pdf,openreview.net/pdf?id=ospGnpuf6L
f7320924-fc44-4ccb-908e-ae91dbb79ee8,"Three Operator Splitting with Subgradients, Stochastic Gradients, and Adaptive Learning Rates",nips.cc/media/neurips-2021/Slides/27232_2HsARCH.pdf,openreview.net/pdf?id=crnXK0jC2F
1cac5de6-cfa5-4cd7-828d-615a448f6b9c,Differentiable Quality Diversity,nips.cc/media/neurips-2021/Slides/27402.pdf,openreview.net/pdf?id=uJGObgFU0lU
42dc1045-ef5f-40b1-b0d0-ae06b62a8534,A Convergence Analysis of Gradient Descent on Graph Neural Networks,nips.cc/media/neurips-2021/Slides/27132.pdf,openreview.net/pdf?id=vCWztO0ppL
32c2710a-da64-44b4-8e79-6d22a66b01f4,Reliable and Trustworthy Machine Learning for Health Using Dataset Shift Detection,nips.cc/media/neurips-2021/Slides/28470.pdf,openreview.net/pdf?id=hNMOSUxE8o6
ee1ec432-2de4-4f1b-91fd-0a33258a69db,PlayVirtual: Augmenting Cycle-Consistent Virtual Trajectories for Reinforcement Learning,nips.cc/media/neurips-2021/Slides/26236.pdf,openreview.net/pdf?id=GSHFVNejxs7
d8483bdc-3629-4d4c-b643-8e6939d6e78d,Integrating Tree Path in Transformer for Code Representation,nips.cc/media/neurips-2021/Slides/26141.pdf,openreview.net/pdf?id=kavMEjaWuGkK
14d5c139-2266-458b-9990-526ccc2fd948,Analyzing the Generalization Capability of SGLD Using Properties of Gaussian Channels,nips.cc/media/neurips-2021/Slides/28080.pdf,openreview.net/pdf?id=t-7Jx48oaG
0300b054-1bfc-4da5-880a-b74c4121d126,ImageBART: Bidirectional Context with Multinomial Diffusion for Autoregressive Image Synthesis,nips.cc/media/neurips-2021/Slides/26261.pdf,openreview.net/pdf?id=-1AAgrS5FF
b85be559-61cc-43b3-980b-bc3db88b8592,Hessian Eigenspectra of More Realistic Nonlinear Models,nips.cc/media/neurips-2021/Slides/27972.pdf,openreview.net/pdf?id=o-RYNVOlxA8
abfb5d9a-6c07-4c73-a330-ab84b4b7c77c,Faster Non-asymptotic Convergence for Double Q-learning,nips.cc/media/neurips-2021/Slides/26004.pdf,openreview.net/pdf?id=ZLwBKuGlY_
e66d35ec-f7d6-4382-a161-39bf3c3d7a3a,CorticalFlow: A Diffeomorphic Mesh Transformer Network for Cortical Surface Reconstruction,nips.cc/media/neurips-2021/Slides/26047.pdf,openreview.net/pdf?id=wDI6CNTR3yP
32a3b85c-f478-4051-84cd-dbacc3e70f2b,Bridging the Gap Between Practice and PAC-Bayes Theory in Few-Shot Meta-Learning,nips.cc/media/neurips-2021/Slides/28476.pdf,openreview.net/pdf?id=4S4nbt-rD6
090c5722-79b1-41ac-962f-9a664964183a,Fast Tucker Rank Reduction for Non-Negative Tensors Using Mean-Field Approximation,nips.cc/media/neurips-2021/Slides/27204.pdf,openreview.net/pdf?id=RwdHpzTTGl
6c02e530-2520-46cb-811b-06623cde5687,NEO: Non Equilibrium Sampling on the Orbits of a Deterministic Transform,nips.cc/media/neurips-2021/Slides/27454.pdf,openreview.net/pdf?id=76tTYokjtG
4ccc9a20-ea20-4241-8eb5-a1d2a84722a0,Learning interaction rules from multi-animal trajectories via augmented behavioral models,nips.cc/media/neurips-2021/Slides/28837_KS6jfBC.pdf,openreview.net/pdf?id=aMxdmZTH8b
bb8943fc-5432-41cc-96d1-b046431eb1b0,Universal Off-Policy Evaluation,nips.cc/media/neurips-2021/Slides/28799.pdf,openreview.net/pdf?id=09D1DIEHrJO
4cfad620-aab1-4514-96a0-e3c43d28a690,Tactical Optimism and Pessimism for Deep Reinforcement Learning,nips.cc/media/neurips-2021/Slides/28788.pdf,openreview.net/pdf?id=a4WgjcLeZIn
7d970bf9-ebfb-4b2f-9c65-c640a44c2cc7,Width-based Lookaheads with Learnt Base Policies and Heuristics Over the Atari-2600 Benchmark,nips.cc/media/neurips-2021/Slides/27838.pdf,openreview.net/pdf?id=U0k2DVAED5
9c6ba1dd-0aaf-4442-ad46-25b5a76dfc9e,CANITA: Faster Rates for Distributed Convex Optimization with Communication Compression,nips.cc/media/neurips-2021/Slides/28335.pdf,openreview.net/pdf?id=eNB4WXnNczJ
cc8a24d4-3e31-4a03-ac6e-d299e30b56bb,Uncertainty-Driven Loss for Single Image Super-Resolution,nips.cc/media/neurips-2021/Slides/28304_H8hmaRK.pdf,openreview.net/pdf?id=MXmmuhJYPdU
7cb411e4-0dd9-42b2-b119-b369a43c22a5,"LLC: Accurate, Multi-purpose Learnt Low-dimensional Binary Codes",nips.cc/media/neurips-2021/Slides/28260.pdf,openreview.net/pdf?id=oiq92o1EFg1
b0efda60-ead1-47ec-a8d5-c07688123c8e,Learning Interpretable Decision Rule Sets: A Submodular Optimization Approach,nips.cc/media/neurips-2021/Slides/28145.pdf,openreview.net/pdf?id=pZHGKM9mAp
0fc082dc-42f3-4f61-a3df-d5f686de3d6d,Necessary and sufficient graphical conditions for optimal adjustment sets in causal graphical models with hidden variables,nips.cc/media/neurips-2021/Slides/28071.pdf,openreview.net/pdf?id=s6MWPKgL5XB
fef0ed93-6515-44a1-b895-dead251b42ee,See More for Scene: Pairwise Consistency Learning for Scene Classification,nips.cc/media/neurips-2021/Slides/27937.pdf,openreview.net/pdf?id=NWYlZ5z8Q-R
16026aec-8003-4703-9444-4ea8b81f7863,Variational Automatic Curriculum Learning for Sparse-Reward Cooperative Multi-Agent Problems,nips.cc/media/neurips-2021/Slides/27914.pdf,openreview.net/pdf?id=zlhpIYub2d0
b9061446-7648-4f40-ba2d-b6dfbb931a4d,Graphical Models in Heavy-Tailed Markets,nips.cc/media/neurips-2021/Slides/27885.pdf,openreview.net/pdf?id=w1FvEPcwTnI
f0a37aa9-1005-4f68-9a76-141a14316133,Deep Contextual Video Compression,nips.cc/media/neurips-2021/Slides/27854.pdf,openreview.net/pdf?id=evqzNxmXsl3
3a174b27-de5d-40aa-af65-537972fcc050,Anti-Backdoor Learning: Training Clean Models on Poisoned Data,nips.cc/media/neurips-2021/Slides/27835.pdf,openreview.net/pdf?id=cAw860ncLRW
2728e7e8-e643-44c6-bbaa-799aa8077367,What can linearized neural networks actually say about generalization?,nips.cc/media/neurips-2021/Slides/27721.pdf,openreview.net/pdf?id=KLS346_Asf
69faae50-1758-4629-bc08-9a53a3f50dc5,Counterexample Guided RL Policy Refinement Using Bayesian Optimization,nips.cc/media/neurips-2021/Slides/27698.pdf,openreview.net/pdf?id=bayZPpw9lM
3279537c-51db-4356-86d0-cd45050123fb,Adversarial Reweighting for Partial Domain Adaptation,nips.cc/media/neurips-2021/Slides/27601_6c3WB3e.pdf,openreview.net/pdf?id=f5liPryFRoA
7fc9b961-b50d-4b2e-85a4-2c545734c9bf,From Canonical Correlation Analysis to Self-supervised Graph Neural Networks,nips.cc/media/neurips-2021/Slides/27548.pdf,openreview.net/pdf?id=X3TdREzbZN
ac910998-0cd4-4330-afac-ba24585aacfe,Co-evolution Transformer for Protein Contact Prediction,nips.cc/media/neurips-2021/Slides/27506.pdf,openreview.net/pdf?id=PcpExudEmDd
4fe8966b-8b35-4cf2-b2be-39d914355620,Diversity Matters When Learning From Ensembles,nips.cc/media/neurips-2021/Slides/27367.pdf,openreview.net/pdf?id=f_eOQN87eXc
55b26877-6379-4610-a5a4-6d8683aa7015,Scalable Quasi-Bayesian Inference for Instrumental Variable Regression,nips.cc/media/neurips-2021/Slides/28454.pdf,openreview.net/pdf?id=ngiUsn5EIt
c8237308-97f8-41ca-a5a3-8235d8370e94,Gradient Inversion with Generative Image Prior,nips.cc/media/neurips-2021/Slides/27238.pdf,openreview.net/pdf?id=x9jS8pX3dkx
2a1e9f4d-8b40-4d11-89b0-b7cf1d556270,Intermediate Layers Matter in Momentum Contrastive Self Supervised Learning,nips.cc/media/neurips-2021/Slides/27214.pdf,openreview.net/pdf?id=M5j42PvY65V
f0a54518-dc0b-4bed-8085-e17b08f2a631,Manifold Topology Divergence: a Framework for Comparing Data Manifolds. ,nips.cc/media/neurips-2021/Slides/27062.pdf,openreview.net/pdf?id=Fj6kQJbHwM9
47fec2ab-1293-4d1f-a5ce-95ead8496850,One Loss for All: Deep Hashing with a Single Cosine Similarity based Learning Objective,nips.cc/media/neurips-2021/Slides/26830.pdf,openreview.net/pdf?id=2pJZSVcSZz
44157b71-3e87-497d-b066-958b9359b0ef,Revisit Multimodal Meta-Learning through the Lens of Multi-Task Learning,nips.cc/media/neurips-2021/Slides/26742.pdf,openreview.net/pdf?id=V5prUHOrOP4
58c53181-4af4-4118-9ee4-aad9f53affe4,Transformers Generalize DeepSets and Can be Extended to Graphs & Hypergraphs,nips.cc/media/neurips-2021/Slides/26702_mMkVig1.pdf,openreview.net/pdf?id=scn3RYn1DYx
bef40db7-c74b-419f-bc3c-345a9db5852a,Group Equivariant Subsampling,nips.cc/media/neurips-2021/Slides/26549.pdf,openreview.net/pdf?id=CtaDl9L0bIQ
74f6ab57-45c9-43f5-871f-34ef5e7a3c18,Understanding Negative Samples in Instance Discriminative Self-supervised Representation Learning,nips.cc/media/neurips-2021/Slides/27316.pdf,openreview.net/pdf?id=pZ5X_svdPQ
d4d56a1d-fb33-441a-a09b-1712ea778bcb,Fast Pure Exploration via Frank-Wolfe,nips.cc/media/neurips-2021/Slides/26676.pdf,openreview.net/pdf?id=cD2Ls4qXTc
d80f75c4-2bc3-46b9-851c-f95bde5d0ce5,Detecting Individual Decision-Making Style: Exploring Behavioral Stylometry in Chess,nips.cc/media/neurips-2021/Slides/33030.pdf,proceedings.neurips.cc/paper/2021/file/ccf8111910291ba472b385e9c5f59099-Paper.pdf
2db259c8-b408-42e4-af3e-a2033faaec99,Shape As Points: A Differentiable Poisson Solver,nips.cc/media/neurips-2021/Slides/27749.pdf,openreview.net/pdf?id=Ecuu521mPpG
28705b88-e21a-47ce-9c22-2505c4ae87a7,Learning Policies with Zero or Bounded Constraint Violation for Constrained MDPs,nips.cc/media/neurips-2021/Slides/26894.pdf,openreview.net/pdf?id=Nl7VO_Y7K4Q
91c48579-c5af-4dd8-890e-30a568e5cb6a,Neural Trees for Learning on Graphs,nips.cc/media/neurips-2021/Slides/26857.pdf,openreview.net/pdf?id=UwSwML5iJkp
01b94000-4df7-430b-831d-0c48f74a98c5,Efficient hierarchical Bayesian inference for spatio-temporal regression models in neuroimaging,nips.cc/media/neurips-2021/Slides/26345.pdf,openreview.net/pdf?id=kO3l8oz8EVP
a72147ec-bf60-4a8c-8157-112a49c62e7a,Roto-translated Local Coordinate Frames For Interacting Dynamical Systems,nips.cc/media/neurips-2021/Slides/28076.pdf,openreview.net/pdf?id=c3RKZas9am
15ee470e-e4d5-402d-94c9-e74994f3fc2e,Federated Multi-Task Learning under a Mixture of Distributions,nips.cc/media/neurips-2021/Slides/26409.pdf,openreview.net/pdf?id=YCqx6zhEzRp
a6dc8392-f496-4d3c-8c81-24be90140d54,When in Doubt: Neural Non-Parametric Uncertainty Quantification for Epidemic Forecasting,nips.cc/media/neurips-2021/Slides/26418.pdf,openreview.net/pdf?id=CONAi0Bh26d
ae22fd19-ee50-4274-b394-2e1737d9a932,Robust and Decomposable Average Precision for Image Retrieval,nips.cc/media/neurips-2021/Slides/25918.pdf,openreview.net/pdf?id=VjQw3v3FpJx
b7d2ef15-e221-4290-beb0-32cd91aedd67,A Central Limit Theorem for Differentially Private Query Answering,nips.cc/media/neurips-2021/Slides/28364.pdf,openreview.net/pdf?id=YscYPF8bU13
1f17f629-fd05-4fd9-9e0d-67cf4147435e,Probabilistic Attention for Interactive Segmentation,nips.cc/media/neurips-2021/Slides/27979.pdf,openreview.net/pdf?id=JpDlWGTBHB
89e43d71-6b49-4e17-985a-c1a28b7fa04a,Detecting and Adapting to Irregular Distribution Shifts in Bayesian Online Learning,nips.cc/media/neurips-2021/Slides/27983.pdf,openreview.net/pdf?id=-440wKL2oJV
90edab71-faa5-403a-b5f3-dc255fb2c7c4,A/B Testing for Recommender Systems in a Two-sided Marketplace,nips.cc/media/neurips-2021/Slides/27986.pdf,openreview.net/pdf?id=GOnkx08Gm6
449138eb-980f-4167-b6ec-61fe432f4c21,Differentiable Unsupervised Feature Selection based on a Gated Laplacian,nips.cc/media/neurips-2021/Slides/28067.pdf,openreview.net/pdf?id=OUH25e12YyH
5d6fc994-4758-48b7-b0c4-fa1d77410ec7,Faster Neural Network Training with Approximate Tensor Operations,nips.cc/media/neurips-2021/Slides/27404.pdf,openreview.net/pdf?id=Rz-hPxb6ODl
257d8ab9-e445-44c2-8bd9-0b3554cd5f31,Directed Probabilistic Watershed,nips.cc/media/neurips-2021/Slides/27357.pdf,openreview.net/pdf?id=fzkU-UMKJIv
04efcd01-a929-4013-968a-2be7b905617c, Boosted CVaR Classification,nips.cc/media/neurips-2021/Slides/28139.pdf,openreview.net/pdf?id=INsYqFjBWnF
aa10a1d3-eec8-454d-a257-d3684d5cfc51,Exploration-Exploitation in Multi-Agent Competition: Convergence with Bounded Rationality,nips.cc/media/neurips-2021/Slides/27212.pdf,openreview.net/pdf?id=OSLVL-tIBei
8d83044b-e2ee-4cea-9a48-512207c996ce,Conformal Bayesian Computation,nips.cc/media/neurips-2021/Slides/28316.pdf,openreview.net/pdf?id=e95xWqO7ehi
24400e62-b494-44e8-aa96-a2152e712b93,Fair Classification with Adversarial Perturbations,nips.cc/media/neurips-2021/Slides/26603.pdf,openreview.net/pdf?id=LEqVjnffcWo
a42c0bbe-3507-4698-a30f-af55f4cbfd21,Risk-Aware Transfer in Reinforcement Learning using Successor Features,nips.cc/media/neurips-2021/Slides/28397.pdf,openreview.net/pdf?id=a_f_NR8mMr9
d882a98f-95e8-40a9-99dc-8f760f6e9302,Good Classification Measures and How to Find Them,nips.cc/media/neurips-2021/Slides/26437.pdf,openreview.net/pdf?id=TLXpi2j6F7
c98939e6-3a28-4ef0-ab40-d72bd3245f18,Recovery Analysis for Plug-and-Play Priors using the Restricted Eigenvalue Condition,nips.cc/media/neurips-2021/Slides/27166.pdf,openreview.net/pdf?id=a62JHQKHVv
eba4be96-f846-471d-8ee2-6c7948a50f60,Joint Inference for Neural Network Depth and Dropout Regularization,nips.cc/media/neurips-2021/Slides/27292.pdf,openreview.net/pdf?id=S5LLQZ-yUP
5d1470de-2e41-42d4-a294-e4a8bb64fd25,Lattice partition recovery with dyadic CART,nips.cc/media/neurips-2021/Slides/28585.pdf,openreview.net/pdf?id=yITJ6t31eAE
2a9ff518-280f-496c-9319-f90c650bdd7e,TokenLearner: Adaptive Space-Time Tokenization for Videos,nips.cc/media/neurips-2021/Slides/26578.pdf,openreview.net/pdf?id=z-l1kpDXs88
6fa0c827-eabf-403b-aaaa-7f90f48226d4,Exact Privacy Guarantees for Markov Chain Implementations of the Exponential Mechanism with Artificial Atoms,nips.cc/media/neurips-2021/Slides/28786.pdf,openreview.net/pdf?id=SbGpYmQHlS8
09e369df-d903-4c3f-a65f-cc4ce26e5980,Analyzing the Confidentiality of Undistillable Teachers in Knowledge Distillation,nips.cc/media/neurips-2021/Slides/27315.pdf,openreview.net/pdf?id=Laz0L5tjml
4eb2eb09-4f3e-4438-b767-d54d92b2d115,Scalable Inference of Sparsely-changing Gaussian Markov Random Fields ,nips.cc/media/neurips-2021/Slides/28823.pdf,openreview.net/pdf?id=Krtz-LgTYIt
1543ce1f-7918-4590-89b3-078dd65271f3,Learning Gaussian Mixtures with Generalized Linear Models: Precise Asymptotics in High-dimensions,nips.cc/media/neurips-2021/Slides/27518.pdf,openreview.net/pdf?id=j3eGyNMPvh
6df2f624-d90e-45c5-9467-f2c2a6c44538,XCiT: Cross-Covariance Image Transformers,nips.cc/media/neurips-2021/Slides/26881.pdf,openreview.net/pdf?id=kzPtpIpF8o
53987f38-ad75-43f1-ba95-608715a781dd,On the Periodic Behavior of Neural Network Training with Batch Normalization and Weight Decay,nips.cc/media/neurips-2021/Slides/26875.pdf,openreview.net/pdf?id=B6uDDaDoW4a
5389bccd-fe20-4f2b-a6c3-1dbaee911cbf,Retiring Adult: New Datasets for Fair Machine Learning,nips.cc/media/neurips-2021/Slides/26854.pdf,openreview.net/pdf?id=bYi_2708mKK
0b442216-0d37-4822-94a9-f11472016b8e,TAAC: Temporally Abstract Actor-Critic for Continuous Control,nips.cc/media/neurips-2021/Slides/28750.pdf,openreview.net/pdf?id=PCLsRp_4R7C
96a8c7ae-1bce-46f6-8965-c5662097535d,End-to-End Weak Supervision,nips.cc/media/neurips-2021/Slides/27757.pdf,openreview.net/pdf?id=gbcsmD3Iznu
6dc4f055-826c-41d1-875d-b90e292172fb,Learning to Synthesize Programs as Interpretable and Generalizable Policies,nips.cc/media/neurips-2021/Slides/26528.pdf,openreview.net/pdf?id=wP9twkexC3V
bea1b621-3939-4468-aa54-8af22196c3c5,Curriculum Offline Imitating Learning,nips.cc/media/neurips-2021/Slides/26824.pdf,openreview.net/pdf?id=q6Kknb68dQf
cde33212-ee14-4c76-ad39-9dd3439fb101,Noisy Recurrent Neural Networks,nips.cc/media/neurips-2021/Slides/28412.pdf,openreview.net/pdf?id=mf9XiRCEgZu
d525a494-c054-4b60-924a-111c018907a5,Neural-PIL: Neural Pre-Integrated Lighting for Reflectance Decomposition,nips.cc/media/neurips-2021/Slides/26700.pdf,openreview.net/pdf?id=fATZNtA1-V0
5307a61d-9d3a-4dc1-a2a7-9009d1687929,Topological Attention for Time Series Forecasting,nips.cc/media/neurips-2021/Slides/26763.pdf,openreview.net/pdf?id=Xl1Z1L9DBIJ
166c02e3-a9c9-4a71-9d08-2ff6627e6d5d,Settling the Variance of Multi-Agent Policy Gradients,nips.cc/media/neurips-2021/Slides/26932_qHiBSbn.pdf,openreview.net/pdf?id=jI97GGA0H_
2e4a5160-3fb9-4947-b036-e2ed4e18fac9,Slow Learning and Fast Inference: Efficient Graph Similarity Computation via Knowledge Distillation,nips.cc/media/neurips-2021/Slides/26151.pdf,openreview.net/pdf?id=Q4SdMvWMxb
fe3170bf-55cd-42fe-a969-030fa1cfee78,Outcome-Driven Reinforcement Learning via Variational Inference,nips.cc/media/neurips-2021/Slides/26705.pdf,openreview.net/pdf?id=4bzanicqvy8
ae505cfc-1a41-44da-b3b5-bbcb465b1042,DRIVE: One-bit Distributed Mean Estimation,nips.cc/media/neurips-2021/Slides/27677.pdf,openreview.net/pdf?id=KXRTmcv3dQ8
65b518a3-8bf0-4aa3-be50-fd3ee07bc01f,Local policy search with Bayesian optimization,nips.cc/media/neurips-2021/Slides/27748.pdf,openreview.net/pdf?id=jgMyg3KkDb
4b4a805a-97fd-4009-b3ec-7dc1bed9b6a5,Disentangling Identifiable Features from Noisy Data with Structured Nonlinear ICA,nips.cc/media/neurips-2021/Slides/27606.pdf,openreview.net/pdf?id=52XXcK8jY0J
78c81703-3051-4c42-8723-0ee2c6cc6379,Widening the Pipeline in Human-Guided Reinforcement Learning with Explanation and Context-Aware Data Augmentation,nips.cc/media/neurips-2021/Slides/27798_QfPU6Id.pdf,openreview.net/pdf?id=SEz-FQltAYN
2b7e29bb-4505-46ee-bda3-6ef93ab05c63,Breaking the centralized barrier for cross-device federated learning,nips.cc/media/neurips-2021/Slides/27568.pdf,openreview.net/pdf?id=FMPuzXV1fR
6f9e796d-6f3c-4b41-83c6-511f1eae3e94,Recurrent Bayesian Classifier Chains for Exact Multi-Label Classification,nips.cc/media/neurips-2021/Slides/27545.pdf,openreview.net/pdf?id=RQJWn82Xga2
8f7c3734-be7e-45a3-af85-579c3bfc2c9d,Least Square Calibration for Peer Reviews,nips.cc/media/neurips-2021/Slides/27538.pdf,openreview.net/pdf?id=rTxCRLXRtk9
9c2831fc-ba2f-4d2c-8de6-0751afb7e069,Distributed Saddle-Point Problems Under Data Similarity,nips.cc/media/neurips-2021/Slides/27528.pdf,openreview.net/pdf?id=dJcUhDVu1G
4eccc840-ef4b-4787-8b69-f20379b2da06,"Stochastic optimization under time drift: iterate averaging, step-decay schedules, and high probability guarantees",nips.cc/media/neurips-2021/Slides/26374.pdf,openreview.net/pdf?id=w5j80GVGFsr
07673327-acc2-4198-9d9a-19c7f09a7e04,Decoupling the Depth and Scope of Graph Neural Networks,nips.cc/media/neurips-2021/Slides/26355.pdf,openreview.net/pdf?id=_IY3_4psXuf
35f4b446-7717-4cfd-bb0f-45cdaac13f2b,On the Generative Utility of Cyclic Conditionals,nips.cc/media/neurips-2021/Slides/26324.pdf,openreview.net/pdf?id=dPdrrr-YrgX
88459e1b-931e-4a8e-805c-1e5c01fd3cf7,Auditing Black-Box Prediction Models for Data Minimization Compliance,nips.cc/media/neurips-2021/Slides/27096.pdf,openreview.net/pdf?id=Wkq4hKpGxWv
431506e9-670f-46ff-82f8-37e01c85dc79,Stronger NAS with Weaker Predictors,nips.cc/media/neurips-2021/Slides/26398.pdf,openreview.net/pdf?id=chwaxchpG3
df2c3fd5-0a06-437d-8817-c035c012d3d5,Differentially Private Federated Bayesian Optimization with Distributed Exploration,nips.cc/media/neurips-2021/Slides/26102.pdf,openreview.net/pdf?id=OdsuC3H1WQ3
f8c203ff-1920-4506-ac82-3a5adf41b4f7,Learnable Fourier Features for Multi-dimensional Spatial Positional Encoding,nips.cc/media/neurips-2021/Slides/25950.pdf,openreview.net/pdf?id=YXjhRGvqfFN
12ec6f1d-beee-4046-9e95-a41625d7b22b,Newton-LESS: Sparsification without Trade-offs for the Sketched Newton Update,nips.cc/media/neurips-2021/Slides/26531.pdf,openreview.net/pdf?id=Bl0GlLmNGLV
4021573d-5a0b-4162-8634-e6e34f3ee944,Dynamic Trace Estimation,nips.cc/media/neurips-2021/Slides/26833.pdf,openreview.net/pdf?id=vLvsnP64VC0
29efdb27-5fd0-418c-a850-17d9150a5221,Optimal Underdamped Langevin MCMC Method,nips.cc/media/neurips-2021/Slides/26442.pdf,openreview.net/pdf?id=6wuE1-G4pu6
c3e31858-8691-4a41-a5f9-182c511fffe9,CAPE: Encoding Relative Positions with Continuous Augmented Positional Embeddings,nips.cc/media/neurips-2021/Slides/26588.pdf,openreview.net/pdf?id=n-FqqWXnWW
0b2a0dcd-28ae-43cd-bb7c-bbebb73c71ec,Successor Feature Landmarks for Long-Horizon Goal-Conditioned Reinforcement Learning,nips.cc/media/neurips-2021/Slides/26672.pdf,openreview.net/pdf?id=rD6ulZFTbf
a2b9de95-e2f8-44ba-b51c-7da2612b6870,Safe Policy Optimization with Local Generalized Linear Function Approximations,nips.cc/media/neurips-2021/Slides/27974.pdf,openreview.net/pdf?id=DWvcqoRAQP8
daf880fa-a4e7-43f2-8e57-191dab4dd332,Episodic Multi-agent Reinforcement Learning with Curiosity-driven Exploration,nips.cc/media/neurips-2021/Slides/27715.pdf,openreview.net/pdf?id=YDGJ5YExiw6
8e0dee63-6c27-42c4-89f5-8398dd1a1c71,Conflict-Averse Gradient Descent for Multi-task learning,nips.cc/media/neurips-2021/Slides/27328_myrRVme.pdf,openreview.net/pdf?id=_61Qh8tULj_
a9931d88-505f-463f-ad6f-030bafd3aaf4,SUPER-ADAM: Faster and Universal Framework of Adaptive Gradients,nips.cc/media/neurips-2021/Slides/27440.pdf,openreview.net/pdf?id=nFdJSm9dy83
06c84fe2-40f5-4e08-83ce-f2cfb26e9f40,Adaptive wavelet distillation from neural networks through interpretations,nips.cc/media/neurips-2021/Slides/28027.pdf,openreview.net/pdf?id=meTWnAamntJ
a23416cb-8ab5-4913-b7b0-30fea6df87e0,On the Equivalence between Neural Network and Support Vector Machine,nips.cc/media/neurips-2021/Slides/27419_1u4yr5H.pdf,openreview.net/pdf?id=npUxA--_nyX
cd80eb4c-fed3-414e-b87d-d66fab3e0045,VQ-GNN: A Universal Framework to Scale up Graph Neural Networks using Vector Quantization,nips.cc/media/neurips-2021/Slides/26298.pdf,openreview.net/pdf?id=EO-CQzgcIxd
016de11e-a430-4681-a637-caca4ee08045,Robust Visual Reasoning via Language Guided Neural Module Networks,nips.cc/media/neurips-2021/Slides/26971.pdf,openreview.net/pdf?id=T1f0YKPP_K
0086b27d-fecc-4d67-8a88-73dfe62db416,RLlib Flow: Distributed Reinforcement Learning is a Dataflow Problem,nips.cc/media/neurips-2021/Slides/27982.pdf,openreview.net/pdf?id=trNDfee72NQ
599ebc9a-9269-4e49-bb8b-645ec7395b66,Detecting Anomalous Event Sequences with Temporal Point Processes,nips.cc/media/neurips-2021/Slides/27787.pdf,openreview.net/pdf?id=MTMyxzrIKsM
5eb60d32-2b4e-40e2-bd52-c5cad745b6cc,To Beam Or Not To Beam: That is a Question of Cooperation for Language GANs,nips.cc/media/neurips-2021/Slides/28576.pdf,openreview.net/pdf?id=jUL1lnsiU9
c12299b3-b65f-4259-aa07-ef2cc5cc6f05,Distributed Deep Learning In Open Collaborations,nips.cc/media/neurips-2021/Slides/26430_dmpnccW.pdf,openreview.net/pdf?id=FYHktcK-7v
cafcd1f2-dea4-4ca8-b6a8-8343606537e2,DNN-based Topology Optimisation:  Spatial Invariance and Neural Tangent Kernel,nips.cc/media/neurips-2021/Slides/27399.pdf,openreview.net/pdf?id=DUy-qLzqvlU
ce74245a-3f1d-4115-8a6f-092cec0fe230,SIMILAR: Submodular Information Measures Based Active Learning In Realistic Scenarios,nips.cc/media/neurips-2021/Slides/26574.pdf,openreview.net/pdf?id=VGDFaLNFFk
2d1c8538-dbdd-4cd8-9cde-fd3a5d8683c1,RMM: Reinforced Memory Management for Class-Incremental Learning,nips.cc/media/neurips-2021/Slides/26963_3B9NgCs.pdf,openreview.net/pdf?id=BfPzZSype5M
6f1e92f4-055d-4990-b72f-eea6c7f22d81,Compressing Neural Networks: Towards Determining the Optimal Layer-wise Decomposition,nips.cc/media/neurips-2021/Slides/26919.pdf,openreview.net/pdf?id=BvJkwMhyInm
9d7b1c3e-f2d8-4db8-bcdf-52ad91345f1c,Parametric Complexity Bounds for Approximating PDEs with Neural Networks,nips.cc/media/neurips-2021/Slides/26558.pdf,openreview.net/pdf?id=HbViCqfbd7
cbc4c3c4-16c5-483e-898f-d7916c33573c,Robust Implicit Networks via Non-Euclidean Contractions,nips.cc/media/neurips-2021/Slides/26663.pdf,openreview.net/pdf?id=SwfsoPuGYku
b57a0b9d-a16b-4691-9d41-14a7255783c7,Speedy Performance Estimation for Neural Architecture Search,nips.cc/media/neurips-2021/Slides/27393.pdf,openreview.net/pdf?id=8V2hZW0d2aS
86602b10-c3bb-436a-b585-ff74d51000fd,How Powerful are Performance Predictors in Neural Architecture Search?,nips.cc/media/neurips-2021/Slides/27833.pdf,openreview.net/pdf?id=6RB77-6-_oI
f2f7ae45-f39b-4b0d-9b21-d32d6a8f9061,Explanation-based Data Augmentation for Image Classification,nips.cc/media/neurips-2021/Slides/26859.pdf,openreview.net/pdf?id=Ydlco-tfIG
c30fc4fe-ed6b-43ad-9187-57320357495d,T-LoHo: A Bayesian Regularization Model for Structured Sparsity and Smoothness on Graphs,nips.cc/media/neurips-2021/Slides/28108.pdf,openreview.net/pdf?id=Kvef55YMkm3
f82076ac-a5f8-464f-adb0-5549922b9c20,Last iterate convergence of SGD for Least-Squares in the Interpolation regime.,nips.cc/media/neurips-2021/Slides/28114.pdf,openreview.net/pdf?id=zsq86HNvXr6
b4bfbe95-94d8-454d-9956-ee266ff06044,Learning to Draw: Emergent Communication through Sketching,nips.cc/media/neurips-2021/Slides/28081.pdf,openreview.net/pdf?id=YIyYkoJX2eA
7fd125d2-0cac-46a0-8b55-7657d288b7ae,Sparse is Enough in Scaling Transformers,nips.cc/media/neurips-2021/Slides/26823.pdf,openreview.net/pdf?id=-b5OSCydOMe
0d7c9ded-2536-42d1-9ec5-7b54aaa0377a,Learning Fast-Inference Bayesian Networks,nips.cc/media/neurips-2021/Slides/27363.pdf,openreview.net/pdf?id=UmCsy3C4xj
f1ac9f5d-0b6c-4814-886e-81552247a19b,To The Point: Correspondence-driven monocular 3D category reconstruction,nips.cc/media/neurips-2021/Slides/27696.pdf,openreview.net/pdf?id=AWMU04iXQ08
659d96e8-7d67-42a5-9627-a5da8151b566,Improving Transferability of Representations via Augmentation-Aware Self-Supervision,nips.cc/media/neurips-2021/Slides/28198.pdf,openreview.net/pdf?id=U34rQjnImpM
2fe21f44-112e-4bd3-9dee-69768f8eb80b,Predicting Deep Neural Network Generalization with Perturbation Response Curves,nips.cc/media/neurips-2021/Slides/27240_KkOSRCs.pdf,openreview.net/pdf?id=lRYfPNKCRu
b43caa5e-c26b-42c5-811c-75246931f8fa,End-to-End Training of Multi-Document Reader and Retriever for Open-Domain Question Answering,nips.cc/media/neurips-2021/Slides/27398.pdf,openreview.net/pdf?id=5KWmB6JePx
83399927-65a0-442f-a0fb-345b2aadbc29,Solving Graph-based Public Goods Games with Tree Search and Imitation Learning,nips.cc/media/neurips-2021/Slides/28778.pdf,openreview.net/pdf?id=XIuDe2A0jDL
812f7d18-41ed-4d18-8346-2ef35fd994c3,Smooth Normalizing Flows,nips.cc/media/neurips-2021/Slides/27193.pdf,openreview.net/pdf?id=yxsak5ND2pA
a74ec213-696e-4e0b-b803-ef8e68f266f4,Intriguing Properties of Contrastive Losses,nips.cc/media/neurips-2021/Slides/28477.pdf,openreview.net/pdf?id=rYhBGWYm6AU
4db93da7-9e88-4554-a919-26fe05430370,Explainable Semantic Space by Grounding Language to Vision with Cross-Modal Contrastive Learning,nips.cc/media/neurips-2021/Slides/27918.pdf,openreview.net/pdf?id=ljOg2HIBDGH
5790d154-6aa1-4996-80ed-33e3fdc26de4,ResT: An Efficient Transformer for Visual Recognition,nips.cc/media/neurips-2021/Slides/27720.pdf,openreview.net/pdf?id=6Ab68Ip4Mu
89aa0bc5-9fb0-48f6-b45e-59aa8635ae0d,Learning Graph Models for Retrosynthesis Prediction,nips.cc/media/neurips-2021/Slides/26085.pdf,openreview.net/pdf?id=LyjH88yV7F
0ba26e82-feec-46b4-8e27-373c7ef5e85f,Risk-averse Heteroscedastic Bayesian Optimization,nips.cc/media/neurips-2021/Slides/26309.pdf,openreview.net/pdf?id=QO93ev_yPqn
ce029775-ac8e-4815-8a1f-0faab03c6f65,Combinatorial Optimization for Panoptic Segmentation: A Fully Differentiable Approach,nips.cc/media/neurips-2021/Slides/26258.pdf,openreview.net/pdf?id=70eD741FHyI
97af69b3-78e5-4190-b752-c5e4d0e7da91,Intriguing Properties of Vision Transformers,nips.cc/media/neurips-2021/Slides/27802.pdf,openreview.net/pdf?id=o2mbl-Hmfgd
abb8666f-55d9-4c6e-adc0-c8ac609f90bf,Active Learning of Convex Halfspaces on Graphs,nips.cc/media/neurips-2021/Slides/25931.pdf,openreview.net/pdf?id=O-fOgeI_D-B
9133918d-5f19-4a37-acbe-f8f96cbbc302,Adversarial Feature Desensitization,nips.cc/media/neurips-2021/Slides/25959.pdf,openreview.net/pdf?id=IIo3Ew4v5tk
1a223c65-98eb-40c7-aa58-052247e09960,Conditional Generation Using Polynomial Expansions,nips.cc/media/neurips-2021/Slides/26178.pdf,openreview.net/pdf?id=cqD6imhK1TX
c0c4678c-2751-4ba8-bc93-7159bff11412,Novel Visual Category Discovery with Dual Ranking Statistics and Mutual Knowledge Distillation,nips.cc/media/neurips-2021/Slides/27478.pdf,openreview.net/pdf?id=xWq1MVj7YrE
